school	13966
shooting	9969
georgia	9565
911	3977
suspect	2786
	2656
gunman	2493
tuff	2385
antoinette	2381
500	2001
rounds	1973
hero	1903
listen	1903
talked	1347
police	1261
ammunition	1233
dispatcher	1232
nearly	1044
bookkeeper	965
elementary	944
say	896
shooter	879
calm	833
woman	787
decatur	782
clerk	756
ga	733
state	729
high	705
wouldbe	621
thank	591
you	586
gun	579
cnn	538
brave	521
ordeal	516
man	514
had	476
near	475
news	472
mee	463
hill	435
brother	434
hailed	433
bus	429
meets	414
us	404
amp	396
car	396
atlanta	381
released	370
#antoinettetuff	354
call	353
arrested	347
breakingpolice	339
exclusive	338
kids	334
says	322
mm	310
dies	297
secretary	294
convinced	294
god	291
dead	290
photos	284
meet	280
surrender	278
said	271
michael	271
florida	271
usa	270
#georgia	263
talks	259
sandy	251
county	249
dont	249
reunites	249
shootings	248
relief	248
custody	248
#news	247
courage	245
hook	245
tragic	241
tragedy	239
helped	236
12	231
it	231
#1	228
stopped	226
shock	221
today	221
college	220
ranks	216
video	215
et	214
injured	213
got	209
just	206
lot	206
pm	205
8	204
20	204
bless	203
lockdown	203
good	201
care	197
help	197
situation	193
teen	192
he	192
years	190
amazing	189
life	187
mass	187
heroic	186
killing	181
new	180
prevented	180
ammo	176
person	174
prevent	173
saved	173
reading	172
operator	170
were	170
thx	169
campus	169
abc	168
brandon	167
suspected	165
maam	164
bravery	162
nra	162
beckel	159
story	158
charged	157
tim	155
family	155
sound	155
remembers	153
augusta	152
active	152
day	152
reveals	152
wounded	152
paine	152
emotions	151
wood	151
him	150
flowed	150
terrifying	149
lives	149
lady	148
couldnt	147
bob	146
staffers	144
latest	144
shot	143
reunite	143
staffer	143
reynolds	141
rifles	141
speaks	141
armed	141
popping	140
assault	140
its	139
kendra	139
district	137
we	135
blames	134
students	134
student	133
america	131
dramatic	131
did	129
mccray	128
days	126
dekalb	126
bloodbath	123
incident	119
houses	119
tells	118
tuffs	117
wow	117
averted	117
peacefully	116
#cnn	116
suspects	114
2013	113
attic	112
office	110
in	109
guy	109
chief	109
true	108
me	108
ak47	106
edgar	106
robles	106
obama	105
breaking	105
reports	105
2	104
love	104
people	103
mental	102
#gunsense	101
alexander	100
loss	100
outside	100
cedric	99
tapes	99
colo	99
#	99
gunmans	98
prayer	97
atlantaarea	96
hug	96
reported	96
arms	96
need	95
drops	95
saving	95
talking	95
antoinnette	95
approves	94
accused	91
shootingblessings	91
post	90
ago	90
sentenced	90
yesterday	89
like	89
didnt	89
lawrenceville	89
liberty	89
#gunfail	88
guns	88
im	87
#hero	87
morning	86
week	86
bad	84
her	84
intense	83
wanted	83
1	83
guys	81
barely	80
yesterdays	79
reuters	78
#nra	78
schools	78
words	78
unarmed	77
update	77
more	77
voice	75
paths	75
children	75
talk	74
w	74
parents	74
avert	73
listening	73
16	73
bur	73
crossed	73
gotrifle	72
illness	72
acquaintance	72
compassion	71
shoots	71
read	71
tears	71
tape	70
20yearold	69
history	69
rifle	69
fox	69
audio	68
watch	68
that	68
shoote	67
worst	67
c	67
#tcot	66
killed	66
called	66
incredible	66
possible	66
#breaking	65
wasnt	65
here	64
via	63
lawyer	63
meds	63
officials	62
m	62
real	61
carrying	61
trooped	61
right	60
bar	60
choke	59
moved	58
up	58
do	58
kind	57
circum	57
grace	56
profoundly	56
oregon	56
old	56
details	55
air	55
alleged	55
spend	54
prison	54
sure	54
#whatwillittake	54
stupid	54
#atlanta	53
time	53
victim	52
threats	52
#black	51
horror	51
#shooting	51
deescalated	51
hear	50
bound	50
march	50
really	50
a	50
white	50
work	50
plea	49
guards	49
bravest	49
needed	49
i	49
stop	48
down	48
persuaded	48
hey	47
control	47
642	46
augustarichmond	46
unrehearsed	46
#2a	46
prevailed	46
74th	46
amid	46
told	46
started	46
employee	45
gripping	45
full	45
hoffman	45
#lastword	45
emilio	45
death	44
#teamfollowback	44
community	44
citizen	43
#school	43
ill	43
took	43
president	42
racecolor	42
heard	42
case	42
saves	42
met	42
make	42
phoenix	42
release	42
#tfb	42
shootinghttptcoqnv9bhcfbw	42
black	42
lone	41
mentally	41
emerges	41
please	41
kept	41
hopeless	41
felt	41
area	41
the	41
world	40
die	40
house	40
persuading	40
youre	40
worker	40
terroristic	40
getting	40
empathy	40
incid	40
sorry	40
lonely	40
albany	40
supposed	40
ebola	40
lay	39
want	39
georg	39
live	39
htt	38
blog	38
convicted	38
#p2	38
scare	37
d	37
thing	37
h	37
caught	36
fired	36
t	36
threat	36
hank	36
suburban	36
aaron	36
burglar	36
pedestrian	36
#jso	36
tuesday	36
ive	35
#911buff	35
faced	35
gt	35
great	35
use	35
planned	34
contact	34
culturevalues	34
raw	34
press	34
year	34
wait	34
reveal	34
this	33
#gun	33
@ap	33
sh	33
wants	33
#suspect	32
#jacksonville	32
instead	32
interview	32
helping	32
5	32
emerge	32
heroism	32
huff	32
wish	32
courageous	32
therrell	31
helps	31
media	31
staff	31
17yearold	31
guest	31
taken	31
american	30
stuff	30
previously	30
class	30
thursday	30
ms	30
adds	30
telling	30
way	30
humanity	30
hurt	30
know	30
#teamantoinettetuff	29
wednesday	29
smh	29
respect	29
linked	29
hinesville	29
psychiatric	29
id	29
activist	29
immigration	28
gm	28
206	28
ever	28
psycho	28
resume	28
ginalimp	28
awesome	28
relive	28
ap	28
exec	28
medication	28
touchdown	28
calls	28
s	28
bout	27
casualties	27
close	27
list	27
inspire	27
scared	27
drugs	27
gets	27
#jacksonvi	27
newsgeorgia	27
#breakingnews	27
1st	26
wsbtv	26
gunfire	26
mt	26
moments	26
phones	26
worry	26
purchase	26
#guncontrol	25
background	25
describes	25
ge	25
check	25
argue	25
cnns	25
gives	25
pull	25
gonna	25
cool	25
#teaparty	25
checks	25
standoff	25
jones	25
reason	24
heroes	24
display	24
shit	24
20yo	24
stand	24
kid	24
@gafollowers	24
everything	24
bravely	24
httptco1	24
van	24
horrible	24
shots	24
christian	24
sotu	24
entered	24
headed	24
churchhow	24
gunshot	23
damn	23
heavily	23
ca	23
jso	23
treating	23
word	23
mcnair	23
waives	23
victims	23
tighter	23
used	23
disarmed	23
inspiring	23
heroine	22
email	22
reporters	22
#endthenra	22
potential	22
credited	22
going	22
thats	22
reunited	22
safety	22
bu	22
saw	22
off	22
shes	22
happened	22
avoid	22
place	22
preventing	21
huffington	21
likely	21
girl	21
newsletters	21
science	21
extraordinary	21
alertsthe	21
analysis	21
yahoo	21
retweet	21
stops	21
lord	21
aft	21
crazy	21
was	21
daily	21
deserves	21
cant	20
eleme	20
newtown	20
monitor	20
teacher	20
weapon	20
left	20
watching	20
newsshock	20
#jfb	20
#ff	20
court	20
washington	19
is	19
selfinflicted	19
sad	19
think	19
nametuff	19
newslisten	19
@breakingnews	19
thoughts	19
pretty	19
gwinnett	19
book	19
husband	19
fund	19
wtf	19
attempt	19
#us	19
#f4f	19
suicide	18
dtn	18
#usa	18
surrendering	18
now	18
compassionate	18
#instantfollowback	18
#tfw	18
tv	18
women	18
young	18
human	18
violence	18
doing	18
jacksonville	18
york	18
power	18
nyt	18
#followback	18
donors	18
defend	17
4	17
inside	17
head	17
ht	17
549	17
schoo	17
mourned	17
holy	17
#google	17
massacre	17
schoolshooting	17
gym	17
u	17
pressure	17
safe	17
#crime	17
geo	17
twitter	17
look	17
aug	17
hoax	16
appearance	16
th	16
went	16
targeted	16
kill	16
#uniteblue	16
report	16
unfold	16
attempted	16
yo	16
principal	16
start	16
woma	16
incidents	16
ac360	16
detroit	16
tylenol	16
liked	16
wrong	16
gave	16
thanks	16
threatening	16
fake	16
nbc	16
nicolee	16
sky	16
antionette	16
actions	16
associated	15
industry	15
able	15
law	15
faces	15
times	15
so	15
nprlisten	15
celebrate	15
shoot	15
innercity	15
ar15type	15
#fb	15
girls	15
charges	15
making	15
beautiful	15
journal	15
job	15
#courage	15
o	15
tamperproof	15
photo	14
everywhere	14
#lib	14
#mcnairshooting	14
film	14
#startempa	14
considers	14
cnnbrk	14
how	14
wctv	14
health	14
bookeeper	14
learn	14
storing	14
testimony	14
#hot	14
em	14
k12	14
night	14
member	14
wo	14
#schoolshooting	14
lets	14
gunmen	14
idiot	14
handling	14
womans	14
thwarts	14
to	14
thought	14
working	14
makes	14
home	14
middle	14
whats	14
public	14
opened	14
#compassion	14
kills	14
oh	14
educator	14
listened	13
big	13
encouraging	13
videos	13
#schoolsh	13
walked	13
grad	13
remarkable	13
shootin	13
friend	13
nbcnews	13
sa	13
tuesdays	13
looked	13
hearing	13
san	13
anderson	13
better	13
omg	13
chills	13
led	13
friday	13
stories	13
motives	13
16yearold	13
heres	13
#gop	13
injuries	13
save	13
sheriff	13
youtube	13
#googlenews	13
tell	13
episode	13
#edchat	12
mining	12
calms	12
ok	12
#molonlabe	12
from	12
#ac360	12
out	12
happy	12
expected	12
okay	12
convincing	12
ashley	12
when	12
arm	12
national	12
isnt	12
gop	12
hunter	12
#sotu	12
marquette	12
phillycomlisten	12
happening	12
phone	12
who	12
shootingthe	12
francisco	12
cbs	12
mad	12
hs	12
tough	12
#obama	12
kristofer	12
weeks	12
headlines	12
nogo	12
#world	12
seriously	12
needs	12
debate	12
#mostrecent	12
fucking	12
deaths	12
21	12
#patriots	12
response	12
httptcoiq2yxzzoethe	11
#tgdn	11
poise	11
tracks	11
countless	11
faith	11
superintendent	11
#momsdemand	11
#tuff	11
#fairies	11
#unicorns	11
party	11
sick	11
shop	11
burglars	11
ordinary	11
heart	11
004915155767228	11
savannah	11
@cnnbrk	11
christmas	11
17	11
820	11
mustsee	11
#politics	11
#911	11
paulding	11
transcript	11
intern	11
condition	11
false	11
#ilm	11
recording	11
theres	11
weapons	11
explosion	11
calming	11
#police	11
laws	11
georgi	11
@cnn	11
starts	11
song	11
and	11
medal	11
believes	11
plan	11
#coppednews	11
theme	11
face	11
#suryaray	11
an	11
#worldrssfeeds	10
earth	10
powerful	10
#video	10
b	10
ticker	10
round	10
wont	10
international	10
truly	10
#antoinette	10
unbelievable	10
with	10
westside	10
asked	10
maybe	10
massacring	10
blessed	10
coverage	10
security	10
#india	10
tea	10
admitted	10
dissuade	10
article	10
#babycenterblog	10
rss	10
end	10
10	10
mic	10
efforts	10
tonight	10
let	10
#antionettetuff	10
#moneytree	10
arrest	10
of	10
americanra	10
terrorists	10
at	10
fugitive	10
stable	10
managed	10
newly	10
surrendered	10
storming	10
recovery	10
elem	10
name	10
not	10
union	10
wins	10
#empathy	10
tribune	10
headline	9
giving	9
avoided	9
dispatchers	9
one	9
seattle	9
calmly	9
cooper	9
scary	9
academy	9
gtbob	9
other	9
bookkeepers	9
info	9
accounted	9
opening	9
nbcnewscoma	9
earlier	9
#indian	9
david	9
glad	9
barack	9
todays	9
13	9
responsible	9
#gunviolence	9
injuring	9
works	9
#atl	9
connection	9
again	9
changed	9
hope	9
colleges	9
strength	9
fun	9
totally	9
cops	9
months	9
george	9
political	9
wonder	9
kindness	9
atlantaare	9
nation	9
#paparabiia	9
yanews	9
#newtown	9
honored	9
showing	9
deadly	9
ending	9
alerted	9
lice	9
scho	9
#ww	9
slipped	9
troubled	9
north	9
arkansas	8
stayed	8
point	8
co	8
#newslocker	8
cameras	8
using	8
discovery	8
proud	8
#antoinettetuffwesalureu	8
flag	8
movie	8
piece	8
chicago	8
hospital	8
learning	8
macon	8
pure	8
praise	8
marathon	8
@globalgrindnews	8
too	8
university	8
happen	8
dangerous	8
22	8
n	8
deal	8
sometimes	8
honor	8
single	8
citing	8
act	8
#gunseverywhere	8
ak	8
nigga	8
smash	8
denver	8
burne	8
#guns	8
#topstories	8
drama	8
msnbc	8
arrived	8
entire	8
httptcomr2	8
#gunman	8
#yeremiito21	8
boston	8
definition	8
or	8
prevents	8
authorities	8
employees	8
g	8
#fem2	8
doesnt	8
whos	8
football	8
lunchroom	8
gods	8
goal	8
selfimmolation	8
#education	8
#musicians	8
smart	8
does	8
nerves	8
#artsleaders	8
#cincinnati	8
k	8
crisis	8
hold	8
looks	7
@cosmopolitan	7
baby	7
phillycom911	7
bravo	7
commercial	7
stopping	7
inspired	7
#heroism	7
@shannonrwatts	7
answer	7
praying	7
poppi	7
boy	7
lucky	7
prayerful	7
#usaf	7
warrior	7
into	7
discussing	7
havent	7
@nbcnews	7
#trending	7
sho	7
country	7
pray	7
battle	7
calmed	7
cristians	7
#pjnet	7
past	7
added	7
salt	7
according	7
station	7
#oursotu	7
takes	7
lt	7
absolutely	7
#startempathy	7
probably	7
saying	7
meeting	7
staggering	7
city	7
#media	7
lights	7
ab	7
amendment	7
record	7
protect	7
redefining	7
georgiahttptco1rxfisvxym	7
hell	7
blogs	7
local	7
#ga	7
#rt	7
epitome	7
thwarted	7
acuity	7
applaud	7
16yo	7
fatally	7
shoutout	7
va	7
condemns	7
gradeschool	7
#jacksonvil	7
officers	7
#usmc	7
ridiculous	7
niggas	7
failed	7
held	7
shoo	7
driveby	7
tues	7
#ekogidi	7
murder	7
#heroes	7
strong	7
comment	7
pr	6
#latest	6
knows	6
#emotionalintelligence	6
grant	6
hits	6
keeper	6
second	6
@huffingtonpost	6
#policenews	6
spoke	6
little	6
v	6
link	6
thankfully	6
worse	6
#ccot	6
moment	6
aint	6
jesus	6
marriage	6
sent	6
goes	6
wake	6
@ac360httptcoktfpnjx6ym	6
#gunreform	6
emotional	6
convinces	6
blow	6
#gossip	6
society	6
prayers	6
againschool	6
loved	6
@abc	6
game	6
hes	6
hate	6
sense	6
come	6
#antoi	6
playlist	6
thinking	6
columbus	6
after	6
reignites	6
teenage	6
things	6
relaying	6
involved	6
#korea	6
bc	6
#ermmedia	6
ak47type	6
posted	6
allegedly	6
angel	6
salut	6
chronicleshock	6
thankful	6
#aaaw	6
app	6
no	6
#kendramccray	6
recent	6
tries	6
walk	6
on	6
en	6
definitely	6
#nascar	6
influence	6
st	6
@ampharris	6
americans	6
#timisteve	6
recounts	6
mom	6
#activismrocks	6
about	6
rampage	6
decency	6
try	6
share	6
#sougofollow	6
#akanshagautam	6
ass	6
#mcnair	6
test1	6
atl	6
reform	6
httptcodbskex5peq#truehero	6
whoa	6
frightening	6
knew	6
military	6
#retweet	6
#brave	6
bet	6
#dateline	6
minutes	6
afternoon	5
goosebumps	5
rt	5
my	5
fl	5
bring	5
@wsbtv	5
taw	5
wayne	5
something	5
congress	5
vault	5
@buzzfeednews	5
hookmost	5
schl	5
partner	5
showed	5
recalls	5
#reuter	5
#popular	5
19	5
#breakingacn	5
done	5
newscn	5
funny	5
grind	5
#georgiaschoolshooting	5
connect	5
youve	5
morrow	5
conference	5
shows	5
monday	5
necks	5
#naacp	5
knowledge	5
owners	5
haha	5
down20yearold	5
simply	5
step	5
recordings	5
#demandaction	5
lost	5
turns	5
apprehended	5
his	5
yet	5
@sandyhookgeorgia	5
lapierre	5
ended	5
dude	5
wschools	5
quickly	5
innocent	5
relieved	5
osp	5
gdnews	5
#trend	5
@foxnews	5
httptcovlcfeyz9vbthis	5
bringing	5
#iphone	5
shooterslonely	5
#android	5
yall	5
freedom	5
proof	5
deranged	5
breached	5
oklahoma	5
#mom	5
800	5
inner	5
states	5
#sammyyatim	5
#greatcall	5
watched	5
daywoman	5
librarian	5
bosswifepolitician	5
fact	5
filming	5
nameantoinette	5
journalism	5
np	5
comcast	5
tech	5
tested	5
choicelove	5
geor	5
bloggingcitizen	5
firing	5
defiance	5
loves	5
#tv	5
wxia	5
tuffsays	5
absolute	5
spirit	5
effect	5
tu	5
judge	5
aaa	5
brought	5
lol	5
la	5
surprise	5
strangers	5
nice	5
global	5
#morningjoe	5
restart	5
#nbcnews	5
rufus	5
waiting	5
coming	5
exchanged	5
prepared	5
claims	5
patience	5
awe	5
rights	5
#love	5
government	5
#hiphop	5
guess	5
e	5
testament	5
apd	5
soul	5
#truehero	5
w2	5
wear	5
gunm	5
easily	5
carry	5
prevalent	5
revealing	5
for	5
#uk	5
leadership	5
#videos	5
celebrated	5
approximately	5
android	5
subscription	5
courthouse	5
positive	5
problem	5
shootingsketch	5
mark	5
yes	5
friends	5
named	5
23	5
see	5
#5starurgentresponder	5
#heroalert	5
turn	5
follow	5
#sandyhook	5
crescent	5
#notonemore	5
gotta	5
cracks	5
colorado	5
opportunities	5
fuck	5
hollywood	5
should	5
47	5
provide	5
august	5
hadnt	5
dnr	4
astounding	4
shooti	4
morgan	4
results	4
#influence	4
taking	4
predicted	4
ppl	4
free	4
rocks	4
fight	4
july	4
am	4
detained	4
glorious	4
experience	4
phoned	4
survive	4
train	4
locked	4
already	4
lexington	4
roswell	4
#antoinettetuffs	4
there	4
holed	4
discusses	4
#follow	4
#gunnut	4
vegas	4
burned	4
#guncontrolnow	4
bing	4
apparently	4
build	4
as	4
joy	4
phillycomcnn	4
#atlhero	4
#cnnworld	4
wielded	4
youhttptcoq	4
kentucky	4
#teambrianmundial	4
#boston	4
#tc	4
shocking	4
miss	4
couldve	4
raise	4
#hhoollar	4
long	4
viral	4
sch	4
fedex	4
skills	4
selflessness	4
sun	4
click	4
self	4
performance	4
portland	4
grateful	4
line	4
amazed	4
denies	4
doa	4
controlled	4
hammer	4
jobs	4
she	4
change	4
17yo	4
fulton	4
event	4
#newyork	4
sounds	4
badass	4
#georgiaguns	4
terrified	4
teenagers	4
completely	4
waited	4
#army	4
mediaite	4
example	4
riveting	4
star	4
probe	4
6	4
interesting	4
capture	4
p	4
moving	4
light	4
impact	4
#msnbc	4
daughter	4
lithonia	4
exactly	4
httptcocllqizuaul	4
enough	4
@reutersus	4
#adityaramadana	4
#teameba	4
passed	4
keeps	4
culture	4
proved	4
understand	4
1238am	4
approach	4
#god	4
wxiatv	4
brings	4
nightmare	4
but	4
box	4
#gunsensehttp	4
respond	4
weve	4
#antoinettehuff	4
liberal	4
trouble	4
defender	4
thu	4
#gunnuts	4
shero	4
@gma	4
empathyhill	4
relationships	4
lt3	4
mins	4
#iran	4
thrill	4
guard	4
civilvision	4
cultureva	4
rewind	4
potentially	4
#ucwradio	4
tuffhttpt	4
#dem	4
via@bammyofficial	4
credit	4
madness	4
far	4
ther	4
blame	4
hi	4
engenders	4
received	4
discharges	4
heros	4
#nralegacy	4
opens	4
#reply	4
gone	4
everybody	4
segment	4
ahead	4
epitomy	4
based	4
georgias	4
amen	4
#politicsnation	4
#mrfranknobulto	4
#laborday	4
#navy	4
including	4
church	4
management	4
hub	4
metro	4
risk	4
might	4
3	4
congrats	4
disaster	4
httptco4bhjer8ub9	4
100	4
finally	4
having	4
happens	4
presstv	4
study	4
all	4
conyers	4
though	4
special	4
re	4
teens	4
explain	4
leads	4
#hotnews	4
piers	4
boys	4
texas	4
tomorrow	4
historic	4
fall	4
exclusi	4
ladys	4
#whatsup	4
half	4
model	4
miracle	4
yr	4
opene	4
heavy	4
lessons	4
#stopthenra	4
360	4
gt@diannewing2	4
facts	4
fm	4
#houston0998	4
center	4
wire	4
zomg	4
remember	4
tucker	3
tune	3
plus	3
#alrasyid448iturasya	3
element	3
itwords	3
nite	3
suspe	3
them	3
ltlt	3
#idiot	3
worried	3
#human	3
outcome	3
hour	3
tension	3
everytime	3
tuffblack	3
well	3
facilitated	3
remain	3
#amazing	3
httptcou2oar4b6kb	3
pamela	3
marysville	3
#socialmedia	3
#usnews	3
hands	3
sickens	3
salute	3
#itweetnews	3
level	3
sc	3
#listen	3
question	3
#lon	3
ff	3
4star	3
calling	3
believe	3
brain	3
died	3
favorited	3
increase	3
worth	3
roh3	3
noones	3
performs	3
miracles	3
#askpn	3
kindergarten	3
#apgeorgia	3
excerpts	3
explains	3
praised	3
#inspiring	3
se	3
imagine	3
ronald	3
aa	3
#headlines	3
logic	3
@911buff	3
writes	3
wrex	3
#roderickwilkerson	3
#ammunition	3
child	3
session	3
#demandac	3
problems	3
#thenewsjunkiedaily	3
bag	3
mercy	3
los	3
short	3
hardly	3
#yunngkidd	3
#khou	3
#nigeria	3
thenbob	3
@jarpad	3
#tonyrocha	3
#de	3
#uconn	3
best	3
attention	3
shopping	3
#celebrity	3
#wiunion	3
father	3
mmsmh	3
away	3
rightwinger	3
slip	3
missing	3
walthourville	3
blast	3
#mustfolowback	3
ida	3
fills	3
#s	3
#tlot	3
r	3
hire	3
building	3
#nabilnews	3
note	3
robertson	3
@cnnvideo	3
lead	3
f	3
literally	3
ends	3
babies	3
#success	3
#risingabovefear	3
2nd	3
confronted	3
southern	3
#bahrain	3
wa	3
felon	3
defense	3
gtgt	3
evacuated	3
lane	3
#momsdemandaction	3
#bennycapricon	3
#nomorenra	3
@usatoday	3
fast	3
#gunssavelives	3
#roh3smantibatam	3
important	3
#angel	3
#rap	3
begins	3
attend	3
tl	3
soft	3
bloodshed	3
#bentozy	3
lots	3
philly	3
assinine	3
#pryncekel	3
anyone	3
antoinettetuff	3
why	3
epidemic	3
feel	3
poor	3
sister	3
kiss	3
#bnews	3
education	3
fear	3
amazing911	3
cox	3
carolyn	3
wortham	3
multiple	3
issues	3
charge	3
#vancon	3
uk	3
coolheaded	3
atlantic	3
herald	3
#hill	3
#gunnews	3
what	3
#w	3
feed	3
resolve	3
heroically	3
#liberallogic	3
chilling	3
cms	3
shout	3
raises	3
tweet	3
da	3
tutt	3
#decatur	3
automobile	3
tense	3
theory	3
connor	3
httptcoozbgu8vyji	3
af	3
running	3
tho	3
disturbing	3
andgo	3
hunting	3
decides	3
quick	3
fat	3
teenager	3
#educators	3
radio	3
#localnews	3
#michaelbrandonhill	3
seen	3
httptco54jc9zinns	3
social	3
touching	3
divine	3
serve	3
much	3
jason	3
videoas	3
committing	3
#trayvonmartin	3
beckels	3
sisters	3
#t	3
doors	3
hard	3
18	3
withwait	3
ant	3
shooters	3
leader	3
reasons	3
pbc	3
#heroine	3
myfox	3
opportunity	3
range	3
legend	3
value	3
redding	3
#fashion	3
wouldnt	3
dad	3
common	3
violent	3
#wordsthatoffendliberals	3
#topnews	3
average	3
trickster	3
show	3
30	3
united	3
coonish	3
asshole	3
investigator	3
suffer	3
icymi	3
non	3
fantastic	3
fires	3
then	3
current	3
ones	3
killer	3
daughters	3
disarms	3
google	3
silence	3
caused	3
conducted	3
pass	3
com	3
isoh	3
team	3
#grace	3
theaterb	3
count	3
@huffingtonposti	3
#roh3	3
outta	3
basketball	3
#recruiting	3
toronto	3
missed	3
chronicle	3
bond	3
lovely	3
#rkba	3
toll	3
gate	3
simpson	3
bipolar	3
drop	3
mcc	3
decommits	3
minds	3
#exclusive	3
#abc	3
riflegt	3
male	3
int	3
key	3
where	3
okla	3
#moms	3
measures	3
escape	3
emergency	3
mallc	3
incredibly	3
redeemer	3
ff@yunngkidd	3
cray	3
moar	3
run	3
anthony	3
arrestedin	3
uconn	3
12013	3
superb	3
lining	3
street	3
dicethats	3
issue	3
extends	3
subu	3
number	3
politics	3
araclyla	3
#sgp	3
especially	3
psychopath	3
anymore	3
proves	3
king	3
random	3
hillary	3
#true	3
simultaneous	3
#promotelove	3
tpm	3
updated	3
#whatshot	3
by	3
path	3
everyday	3
smantibatam	3
rock	3
rip	3
mattingly	3
being	3
handled	2
ignore	2
entry	2
#dekalb	2
son	2
#obama2012	2
storygt	2
recently	2
hlp	2
collins	2
#tgictweeps	2
resource	2
mo	2
ya	2
plans	2
knox	2
#odavelymusic	2
names	2
nightcap	2
reminds	2
field	2
australian	2
go	2
x	2
#gunlaws	2
mediainntk	2
insane	2
#ifollowall	2
naval	2
robert	2
#prayforgeorgia	2
#twisters	2
department	2
twice	2
matos	2
open	2
discuss	2
buy	2
#karachi	2
fck	2
arent	2
diffused	2
churchc	2
ele	2
tear	2
crap	2
reply	2
dow	2
smile	2
#worldnews	2
peoples	2
vma	2
#bloviatingbeckel	2
rem	2
ii	2
intervene	2
commie	2
bitch	2
cc	2
httptco9ax3zn3gkgi	2
map	2
duffel	2
fearlessness	2
obsessed	2
#lotstolearn	2
terror	2
uses	2
basis	2
classmates	2
arlington	2
commented	2
extra	2
#area	2
diaster	2
#gungrabber	2
#sharmasudhansu	2
yrold	2
return	2
#ufo4ublogus	2
officer	2
training	2
data	2
#timi	2
preparing	2
identify	2
weirdo	2
almostgeorgia	2
moms	2
#getglue	2
#whatwillit	2
tired	2
credits	2
@alaingimenez	2
#georgiashooting	2
19yearold	2
custod	2
paying	2
thomas	2
explosives	2
releasd	2
town	2
ability	2
#rihanna	2
newsfix	2
set	2
body	2
honestly	2
shotgun	2
#ozonepark	2
airprofoundly	2
bulk	2
#naija	2
bathroom	2
startedseriously	2
chat	2
everyones	2
means	2
melody	2
airports	2
opinion	2
patients	2
creepy	2
#crimetrials	2
amanda	2
vote	2
#ne	2
fault	2
clarksville	2
warning	2
sm	2
@russellanjax	2
#khou11	2
#violence	2
unsure	2
#bookkeeper	2
props	2
las	2
have	2
losing	2
stormed	2
reporting	2
nolan	2
moscow	2
liveshttptcotxbz6jira1	2
syria	2
culturevalu	2
nprshock	2
#dispatcher	2
#gwinnetts	2
favorite	2
curious	2
#godinaction	2
badly	2
compelling	2
push	2
#florida	2
touched	2
833	2
miles	2
easy	2
closer	2
pool	2
stagnant	2
#socalm	2
domestic	2
surrounding	2
alot	2
money	2
engages	2
captured	2
#graceunderpressure	2
#muchrespect	2
georgia@russellanjax	2
mayor	2
reality	2
#gtf	2
amazingi	2
amazingly	2
#notonra	2
cowbell	2
minute	2
#up2date	2
personified	2
atti	2
#newzsocial	2
bored	2
accidents	2
#wellingtonhere	2
cw39	2
nonshooting	2
cchr	2
#heartening	2
destiny	2
psa	2
#cuaasoe	2
#pakistan	2
#fox	2
focus	2
possession	2
urban	2
currently	2
vile	2
cantors	2
motive	2
accidental	2
#mentalhealth	2
#911operator	2
#queens	2
jail	2
ugh	2
#amen	2
hasnt	2
funds	2
schoolpowerful	2
celebrating	2
highlight	2
conv	2
newsg	2
anchored	2
#criminalization	2
nonviolence	2
criminals	2
administrators	2
pd	2
ltltlt	2
howd	2
#requireguninsurance	2
hmm	2
overnight	2
same	2
tried	2
tom	2
notice	2
hats	2
npr	2
players	2
#theworldneedsmore	2
gtwere	2
#miprincipals	2
claire	2
huron	2
send	2
@xuchiha666x	2
#wearingorange	2
#backgroundchecks	2
tuffthe	2
desperately	2
reallife	2
#ebola	2
#losdelsonido	2
sparks	2
nicely	2
disturbed	2
#thanksobama	2
shootingyou	2
personal	2
#6thfan	2
l	2
removed	2
creek	2
war	2
created	2
httptcotolxy9dc1dawesome	2
#edugames	2
barden	2
nea	2
nashville	2
yondii	2
values	2
lecture	2
falls	2
#blessing	2
dang	2
rising	2
suffered	2
#newsca	2
strassmann	2
0551pm	2
scene	2
sista	2
tomorro	2
squad	2
una	2
troy	2
kiing	2
antoinett	2
marys	2
min	2
@michaelskolnik	2
hiphop	2
action	2
angels	2
rationalization	2
psychologist	2
#gay	2
8202013	2
#tgnd	2
eudrylantiqua	2
very	2
#ymdlu	2
faculty	2
maced	2
#music	2
helpful	2
hooray	2
#juniororteqa	2
schoolb	2
tops	2
@harrietbaldwin	2
#spsm	2
shootinghttptcow3urlwy0xd	2
#heros	2
bars	2
mrs	2
worked	2
@chanellwest	2
6yearold	2
monster	2
mind	2
guilty	2
whitfield	2
sw	2
guzman	2
probation	2
disgusted	2
@laloalcaraz	2
hospitalized	2
seek	2
welp	2
#leykis	2
crime	2
wounds	2
nuts	2
boredom	2
gov	2
awesomegtlistenfull	2
explained	2
nb	2
#bravery	2
mostly	2
exchanging	2
#247newsnaija	2
su	2
convince	2
#vigilent	2
gma	2
previous	2
federal	2
looking	2
different	2
accident	2
mother	2
be	2
fortunately	2
#rosydecosta	2
secretarybookkeeper	2
#an247	2
guardian	2
harmed	2
angeles	2
#solidarity	2
project	2
main	2
wound	2
498	2
superhero	2
truth	2
learned	2
luckily	2
wht	2
#surya	2
cried	2
seeing	2
nurse	2
east	2
#doma#	2
teachers	2
heck	2
#howardbeach	2
carolina	2
#henrycounty	2
staying	2
#finance	2
foundation	2
heralded	2
na28fr	2
age	2
choose	2
covering	2
impressive	2
target	2
checkpoints	2
overused	2
teamhttptco63iduxt75m	2
reaction	2
#nwo	2
2016	2
joyner	2
ut	2
dusty	2
wh	2
#twiiteroxx1	2
rage	2
mr	2
#rmef	2
hows	2
shootinghow	2
#ndnetwork	2
popsugar	2
#nj2as	2
arapahoe	2
#suicide	2
confront	2
grabbed	2
breitbart	2
jojotexas	2
#cnncomtopstories	2
teaching	2
side	2
kinda	2
#indiana	2
source	2
#discoverylearningacademy	2
wn	2
strategy	2
website	2
cbsap	2
addressed	2
attends	2
course	2
idea	2
#out	2
herono	2
linkcutchasew	2
add	2
affecting	2
#e911	2
disgusting	2
music	2
ta	2
tap	2
#unbelievable	2
demographic	2
#eq	2
som	2
empathize	2
lock	2
@msnbc	2
system	2
back	2
shootingdamn	2
argument	2
following	2
nbcnewsc	2
casey	2
sus	2
selfless	2
popular	2
nbcn	2
#bhramabull	2
concerned	2
individual	2
fort	2
#payano	2
grow	2
newsgtgt	2
singlehandedly	2
wrote	2
traffic	2
restrictions	2
#openomroep	2
many	2
#gunsafety	2
#elementary	2
restroom	2
force	2
either	2
heartbreaking	2
complete	2
#quinnhudson	2
soooo	2
#jugemblog	2
enjoy	2
wright	2
rwnj	2
examined	2
instance	2
injury	2
confirms	2
character	2
churches	2
loving	2
#1000aday	2
#elementaryschool	2
casual	2
bought	2
fla	2
14	2
trending	2
alarming	2
award	2
invest	2
deeds	2
convi	2
tuf	2
ad	2
lasses	2
#respect	2
harborview	2
seconded	2
gt@breakingnews	2
diverted	2
danieltnad#	2
youth	2
mexico	2
pilchuck	2
prayed	2
#elnmerouno	2
unresolved	2
allowing	2
teach	2
ahem	2
spree	2
#dauris	2
#autofollow	2
south	2
duncan	2
immediate	2
present	2
ferguson	2
recognition	2
lax	2
huh	2
sign	2
bruh	2
checkinsecurity	2
weird	2
@nocutcard	2
identified	2
assignment	2
famous	2
solution	2
sits	2
critical	2
#newday	2
shootinghttptcoe384ul6hkd	2
#mustfollow	2
cooperamazing	2
#uncategorized	2
written	2
newscbs	2
thursdays	2
#mm	2
store	2
#parenting	2
clear	2
inspirational	2
#yaf	2
werent	2
atlantaclick	2
text	2
gay	2
midst	2
mesmerized	2
wired	2
senseless	2
clash	2
wondering	2
#elizabethchuck	2
uh	2
#augusta	2
menace	2
peaceful	2
difference	2
eric	2
#truecourage	2
batman	2
officerinvolved	2
editor	2
abt	2
wgcl	2
appeal	2
suspec	2
teamfollowback	2
insanely	2
#ohsaycanyousee	2
gamecocks	2
versions	2
87th	2
classy	2
port	2
wallstreet	2
various	2
afraid	2
another	2
att	2
sigh	2
pisses	2
uncut	2
gentle	2
#alfienews	2
#shootingthe	2
began	2
prays	2
#100thingsilike	2
seeks	2
bret	2
#medicaid	2
mileys	2
#stoptheviolence	2
pormomentos	2
inspires	2
walking	2
yeah	2
flock	2
#new	2
greenfield	2
#gunowners	2
#sharmashekhar	2
talley	2
mean	2
@huffpostcrime	2
wowww	2
reporter	2
invasion	2
wa1	2
#niowa	2
speechless	2
occurs	2
gang	2
lass	2
hundreds	2
pro	2
antionnette	2
regarding	2
considering	2
sacramento	2
#gome	2
freak	2
next	2
awful	2
huh@foxnews	2
#redeye	2
atlantathis	2
32	2
georgiagthenry	2
account	2
treated	2
strategies	2
criminal	2
#welcomebacktoschool	2
9	2
hours	2
@tpm	2
stood	2
craaaaazy	2
liveleak	2
played	2
memphis	2
academygt	2
placed	2
race	2
terrible	2
ban	2
composure	2
sports	2
honors	2
phenomenal	2
shocked	2
#antoinett	2
bullets	2
shootinghttptcoy7ub2a2ukn	2
chris	2
blessing	2
realise	2
avoidable	2
#prevention	2
alumni	1
shux	1
reunion	1
yearold	1
fn	1
@davemuscato	1
#thankyouantoinnettetuff	1
wolves	1
w911	1
jam	1
order	1
coolcollative	1
ak47s	1
been	1
newsbut	1
nunez	1
#linkaloo	1
inquisitr	1
possession#protect2ahttptcou1rmy5430s	1
breath	1
amazinglisten	1
8yearold	1
#libcrip	1
httptcowo0wzuqq6r	1
#friday	1
@anamariecox	1
httptcozxmsrcjpxzif	1
#heroe	1
suffices	1
reportedly	1
republicans	1
entirety	1
#brinaldyhere	1
31	1
verbal	1
shooting@breitbartnewsgreat	1
aptly	1
despair	1
technically	1
lived	1
negotiator	1
shootingnot	1
@wlapierrenra	1
@septembermay	1
httptcok2bpvh2jrg	1
#siegemagazine	1
vernon	1
theretune	1
4get	1
rino	1
prayeri	1
wet	1
hashanah	1
#arapahoe	1
#mrstuff	1
#mystery	1
atlantaar	1
#wow	1
bl	1
httptcoikzqolplou	1
gold	1
eval	1
#makesmesick	1
zimmerman	1
730	1
#care	1
mpnews	1
7yr	1
keepin	1
eva	1
braverman	1
scum	1
#humanity	1
sharing	1
sophia	1
breaks	1
josiebrady	1
claim	1
identity	1
choked	1
awew	1
livesak47	1
biebers	1
1139	1
steelamazing	1
blood	1
bells	1
sayin	1
shootinghttptcoodlxrxl6bb	1
barresi	1
disappointed	1
itwow	1
#lakeline	1
ssris	1
wears	1
soma	1
henry	1
dignity	1
chronicl	1
#antoniette	1
precious	1
peacefuly	1
omf	1
shootinga	1
atlarea	1
whatsoever	1
advise	1
jackasses	1
finds	1
#travelnews	1
overampover	1
horrified	1
vehicle	1
tornadosgeorgia	1
qc	1
shootinghttptcocj3lntgdkk	1
reedd	1
appeared	1
callhttptcoqmivwh1j2tantoinette	1
legally	1
beheaded	1
accept	1
published	1
ccl	1
registered	1
#tears	1
senior	1
#lockdown	1
#keepuptheconsistency	1
#reentry	1
mcnai	1
#safe	1
#drudge	1
via@	1
med	1
renewed	1
simon	1
cod	1
maya	1
amidst	1
#amid	1
shootinghttptcorregdqcvxy	1
tweetdeckbrother	1
despite	1
threatsamp#039	1
weight	1
listens	1
souls	1
postshock	1
barbaric	1
#jaylenfrybergs	1
environmental	1
custody751	1
trial	1
followup	1
iwanttheblaze	1
antidepressants	1
access	1
secretaries	1
tossed	1
#moneytrees	1
forgotten	1
#godisgood	1
finance	1
ocurrir	1
#truthteller	1
shootinghttptcouypqcaha4k	1
warms	1
ayee	1
northjerseycomp	1
headgot	1
#pbo	1
greatness	1
wvideo	1
largely	1
#greatfalls	1
#wabe	1
#stricklysick	1
#douglasvillegeorgia	1
releasedhe	1
himhttptcohxq8fvesq8	1
#teabaggers	1
#sterlinstarz	1
fuel	1
kkklass	1
videohttptcoxxxxiahawi	1
escanaba	1
rn	1
shot66	1
#awesome	1
volunteer	1
unfounded	1
placing	1
b4	1
beauty	1
httptcowdrdfnl5as	1
#tsn	1
bigger	1
chestampholding	1
439	1
wsb	1
crimeidiots	1
sport	1
#top	1
200	1
wouldve	1
bowl	1
forces	1
#minneapolis	1
appropriately	1
#ap	1
@theatlanticwire	1
#schoolsecurityhttptcojmpxnzoe2h	1
donamp#039t	1
natasha	1
scarry	1
obligation	1
studentinvolved	1
feeling	1
residence	1
40	1
meow99	1
capable	1
caucasian	1
journalists	1
mags	1
gunnuts	1
#awestruck	1
fucker	1
ph	1
prevention	1
school#mary	1
improvisation	1
horri	1
#longisland	1
ssssoooo	1
#brandontakeson	1
honoring	1
plain	1
strage	1
coulda	1
alls	1
survivor	1
jaded	1
kend	1
#south	1
neutered	1
test	1
newsupdate	1
#domesticnews	1
darkest	1
#thisiscrazy	1
wtvy	1
mercyampcompassion	1
bear	1
covers	1
deny	1
humbling	1
antigun	1
instances	1
figure	1
ky	1
#shevotes	1
fits	1
marxist	1
listengt	1
hallelujah	1
columbine	1
stream	1
jiu	1
valor	1
review	1
@billyfaires	1
#marysvilleshooting	1
anniversary	1
#drugs	1
later	1
impressed	1
louis	1
destruction	1
1128	1
berg	1
#fernbank	1
wvlatv	1
understanding	1
#blackexcellence	1
basec	1
role	1
welping	1
sweat	1
@scummyr	1
anything	1
#getyourmindright	1
jamaica	1
deep	1
wkids	1
turned	1
parking	1
chu	1
bystander	1
lethal	1
chill	1
wowand	1
426	1
#mademecry	1
#gunowner	1
#progressive	1
ups	1
include	1
abridged	1
serves	1
type	1
highpowered	1
ambush	1
waived	1
pacifism	1
any	1
influences	1
tomorrows	1
presented	1
atlantadailyworld	1
shootinghttptcocoxgudz5a5	1
#assault	1
815	1
#centralist	1
2015	1
indiana	1
#hispanic	1
gunfool	1
#libcrib	1
mocking	1
ar15s	1
buying	1
equipping	1
#sigueme	1
ballhandling	1
circumstances	1
milestone	1
#icymi	1
status	1
fuc	1
assistant	1
shotgunrifle	1
hadda	1
pro2adads	1
cred	1
#alexjones	1
#rukidding	1
plead	1
heights	1
#notbeingpublicized	1
clownin	1
@drewgliebe	1
empathetic	1
anouther	1
responded	1
minutesrelationships	1
january	1
#abhishekaditya	1
themes	1
distric	1
insanehttptcogoosugziyr	1
bomb	1
etc	1
threatened	1
spent	1
cookiecheck	1
httptcoxdfpixnbno	1
beyonces	1
scarywhat	1
benghazi145	1
#stories	1
stumble	1
dr	1
physically	1
lightweight	1
governed	1
hail	1
jury	1
preside	1
@legacyofsleeper	1
ma	1
haven	1
keymeet	1
@marinasdiamonds	1
waitress	1
picayune	1
#worldnewsshe	1
aps	1
#tyonews	1
lindsey	1
childrens	1
sistar	1
tshirt	1
#dies	1
peoria	1
drive	1
pussy	1
#meetthepress	1
529	1
reunitehttptcogsiveyfphu	1
unstable	1
defused	1
director	1
provides	1
peace	1
303	1
acojonante	1
diffuse	1
terrifyin	1
mot	1
offense	1
homeschooled	1
rosemary	1
#faceofsofa2013	1
nas	1
reunitehttptcocybrndkyxz	1
listen911	1
#nrawin	1
play	1
stormin	1
remarkably	1
comments	1
fastest	1
blocked	1
chaos	1
weather	1
japan	1
#activist	1
#nhpolitics	1
unnecessaryuninsightful	1
deescalation	1
disease	1
saddens	1
iran	1
recount	1
profanity	1
#rounds	1
disorder	1
delivered	1
ltltltltltltlt	1
injections	1
exclusiveschool	1
believed	1
information	1
wigs	1
conversations	1
gunshttptco331hzxrd02	1
description	1
will	1
#strength	1
decreased	1
rueters	1
#shero	1
#womenoftheyear	1
almost	1
essence	1
#j2150y	1
basically	1
thwart	1
awesome911	1
bright	1
poised	1
lanza	1
willing	1
peacehttptconntwrgmvel	1
occurring	1
againthis	1
#shtf	1
whitney	1
ss	1
advocates	1
hino	1
perfectly	1
poses	1
afte	1
livesclare	1
strange	1
clarion	1
cop	1
eg	1
serio	1
entiendo	1
tf	1
threatens	1
goldman	1
top10	1
#rosa	1
trauma	1
space	1
#brilliant	1
hmmmm	1
newest	1
#prayforwashington	1
shadow	1
lunch	1
43s	1
#empathyhill	1
130	1
rush	1
christians	1
disarm	1
ballet	1
#hawaii	1
che	1
tue	1
#lesm	1
stronger	1
worldtrue	1
#georgiastrong	1
men	1
rosh	1
fsu	1
#today	1
#prayer	1
frightenin	1
ammowhat	1
medications	1
april	1
flashbacks	1
panel	1
arabshooter	1
spell	1
doubt	1
freedoming	1
bottle	1
updates	1
scandal	1
reutersjp	1
nearl	1
#newsmaker	1
supports	1
inmarch	1
elsewhere	1
#stayinschoolkids	1
wonderland	1
childrenhttptco11fvr8znkh	1
noticed	1
discussion	1
georgiamy	1
#nologic	1
alice	1
bullying	1
127	1
noah	1
fucked	1
northeast	1
chancethis	1
gurl	1
#swaggerdominicano	1
ungunregistry	1
difficult	1
#sd2	1
amd	1
godhas	1
cntry	1
praise#pebbleinapond	1
assisted	1
habit	1
wsj	1
#snowday	1
#kentuckyccdw	1
palin	1
telegraphcoukshock	1
regular	1
articulate	1
usual	1
averted#staticcsalutes	1
leaky	1
happenhttptco70gix2uoil	1
26	1
#educationnation	1
digital	1
stir	1
#smallbusiness	1
558	1
horrific	1
reunitelt	1
williams	1
drug	1
transplanted	1
james	1
spot	1
ltbrava	1
maryland	1
jerking	1
triumphed	1
anxiety	1
stre	1
voter	1
surrenderhttptco535xj98fok	1
owchihuahua	1
caring	1
#chattanooga	1
mix	1
15yearold	1
celebrates	1
#everydayhero	1
#ktuu	1
#getyourshittogether	1
#stopgunviolence	1
surrenderhttp	1
possib	1
investigation	1
#football	1
disney	1
keenan	1
breakingnews	1
whhattt	1
bowser	1
goodness	1
12pm	1
theclerkssecretarie	1
#released	1
syphilis1996httptcoxuvhzthfwmhs	1
yup	1
valuable	1
248	1
get	1
rt@wtop	1
weigh	1
kims	1
georgiadnr	1
playing	1
#dekalbcounty	1
harming	1
#acountryadrift	1
#tuffstuff	1
replaced	1
#fandom	1
guide	1
#traumainforned	1
carried	1
#theblaze	1
enacted	1
#wsaz	1
ampnonviolence	1
congress2	1
competing	1
katie	1
advice	1
usatoday	1
della	1
parent	1
conflict	1
confrontation	1
month	1
unbelievably	1
compounds	1
handle	1
typo	1
usgthe	1
101	1
universityschool	1
shake	1
mess	1
lasvegassun	1
httptco5b7zvvekp5#peace	1
w500	1
presidential	1
reutersus	1
hole	1
tougher	1
trash	1
daygeorgia	1
#lomasvisto	1
#whenwillitstop	1
#dont	1
shootinghttptcoizir5x3abn	1
@immyownsponsor	1
#rights	1
launcher	1
gazette	1
hrswth	1
shootingseriously	1
rants	1
noschoolshooting	1
appalling	1
mccra	1
schmidt	1
#fab5camp	1
ke	1
treatment	1
swell@cnn	1
pensacola	1
skoo	1
degree	1
rwnjs	1
#muchlove	1
mi	1
math	1
brilliantly	1
#siguemeytesigo	1
families	1
#cadenadeseguidores	1
wheeler	1
senate	1
wkrn	1
stake	1
@examinercom	1
enjoyed	1
#nobodylistens	1
communists	1
limits	1
#pambihira	1
conscious	1
educating	1
batfleck	1
sensation	1
lacey	1
atlantaa	1
crackdown	1
dec13	1
dissuaded	1
planantionette	1
jethro	1
#conyersgeorgia	1
lole	1
without	1
nervousschool	1
controla	1
24	1
1201	1
wak47	1
transporte	1
#girlpower	1
superlative	1
footnote	1
tuffangel	1
wi	1
#staytuffatlanta	1
relationship	1
bowie	1
rational	1
sweetie	1
norton	1
@defcon5	1
#chapel	1
2police	1
#bravesoul	1
bookkeepr	1
nightline	1
returning	1
elul	1
#ifwehadbetteementalhealthsystem	1
mediatoolkit	1
airlifted	1
#purdue	1
cut	1
interviews	1
foolish	1
guardianshooting	1
spirits	1
meetup	1
bananas	1
whack	1
serious	1
never	1
tearshttptcodyaeag5c3s	1
herolove	1
#cnnbelike	1
chan	1
reunitekudos	1
gerogia	1
winning	1
#rachelzeigler	1
httptcoezzgyvsu0ethis	1
sophomore	1
cre	1
#georgioschool911	1
ampndash	1
pundit	1
diesamp#039	1
avvrjde	1
bullies	1
httptcoxkv5hzf0nd	1
depressing	1
stat	1
#infowars	1
#hiphopwired	1
title	1
#cnnthis	1
lleg	1
flash	1
expert	1
@kelejohnson	1
httptcoourjayqjsohttptcoypjl6peuoyhttptcoiq62fcblplhttptcotn74uxkzhbhttptco7jnr38d8szapples	1
flood	1
pause	1
halfempty	1
#niggasbelike	1
vulnerable	1
huffs	1
pakistani	1
naming	1
#luisfresh	1
twin	1
shootingkansas	1
auth	1
disagree	1
writing	1
bravethank	1
conf	1
highest	1
irrelevant	1
httptcozr7sq4lrdxwow	1
#foreignrelations	1
#ksfy	1
affected	1
scrubbed	1
angelsamongus	1
actionnewsjax	1
#bre	1
trucks	1
82013	1
magazine	1
investigating	1
distract	1
tool	1
altlatrease	1
alban	1
#christian	1
fcking	1
tuffanother	1
nephews	1
ammunitiongt	1
#thefive	1
#moyyer	1
#rcrazyworld	1
#ivanberroa	1
sought	1
fried	1
resisting	1
#mentalillness	1
visitor	1
justlistento	1
agohttptcol0p1gmmk1w	1
httptconvz8w1kjc8	1
mex	1
easths	1
myself	1
tough@cnn	1
amzing	1
program	1
#taf	1
#abcnews	1
terrorized	1
transpired	1
bullets@gma	1
intvuhttptcon4vk6migzf	1
73rd	1
luck#rmef	1
outread	1
dinnerplate	1
#26acts	1
#falseflag	1
they	1
lobbyists1	1
bamf	1
deed	1
#istandwithdana	1
giggling	1
today#goodwins	1
shootinguh	1
charles	1
perpetrator	1
georgiahttptco0jjyt25z4f	1
910	1
#purebravery	1
#longtrip	1
wallstreetjournal	1
puts	1
nearschool	1
bullet	1
challenging	1
ft	1
energy	1
#nogun	1
#mediator	1
tongue	1
error	1
ltbrgtltbrgt	1
assailant	1
safes	1
louisville	1
enoughdamn	1
occur	1
steelynerved	1
245pm	1
columnist	1
#deleteschoolshootings	1
singlehandedlycompassionately	1
httptco3optmrc4u3	1
starting	1
thisheroic	1
stunning	1
inspiration	1
obams	1
#annoying	1
btv	1
chance	1
dog	1
#sp4zee	1
oregonian	1
ladyhttptcooarlmzuk5qmichael	1
facing	1
#followmeplease	1
shootingviolence	1
developments	1
#antoinettetuffisahero	1
affairhttptcosmxescb4k8httptcogmokbzah8d	1
evil#mentalhealth	1
replayi	1
heartpounding	1
oscar	1
practically	1
weekhttptco83irw1mrsd	1
amazinghttptcow5b9jhthic	1
cal	1
shootinghttptco82h5eqtbiu	1
646	1
clarita	1
californiaair	1
#en	1
sager	1
newsgeorgi	1
#china	1
doeee	1
#kwwlat5	1
#noticias18	1
#yugadu	1
todayamazing	1
jas	1
@beforeitsnews	1
dear	1
sending	1
@brooklynspoke	1
pos	1
#obamas	1
someone@michaelskolnik	1
httptcowplsbgsyvy	1
4th	1
graham	1
reportershttptco102afqe77b	1
#nri	1
much911	1
powered	1
#ocra	1
two	1
davy	1
estimate	1
cnngt	1
because	1
custody1543	1
0	1
tennessee	1
wonderful	1
performed	1
shootinghttptcof3skv6j0d2	1
reli	1
planet	1
httptco28hykhvrgbmust	1
frisked	1
douchebag	1
govt	1
grand	1
wealthy	1
merci	1
tease	1
offer	1
gtmichael	1
wingnut	1
fthood	1
publicemployeetaker	1
defuse	1
ryot	1
verklempt	1
#thehollywoodgossip	1
improved	1
clip	1
bully	1
#yoo	1
knock	1
mommas	1
spending	1
books	1
fatal	1
blessings	1
recommend	1
sayhttptco3nfq1su1mh	1
overpaid	1
card	1
telegraph	1
design	1
httptcoitko399z0j	1
senile	1
#ciw	1
pay	1
fork	1
kennesaw	1
sacred	1
gift	1
evening	1
fermato	1
mall#c	1
httptcolxqspyvn1h	1
empati	1
indicts	1
#kimberlysbrusk	1
manchester	1
reliving	1
idk	1
#boblang	1
brown	1
aunt	1
#update	1
yanks	1
#current	1
four	1
#gfb	1
#youtube	1
@nbcchicagobut	1
jeopardy	1
#raydavis	1
numb	1
vissa	1
mention	1
rmef	1
smck	1
poison	1
story911	1
bookkeper	1
houston	1
#jazz	1
httptcoxcw	1
anazing	1
resolution	1
amp#039he	1
prisoner	1
possibl	1
#siege	1
cell	1
#worldnewsbrother	1
#ed	1
canards	1
herione	1
@georgiastatehub	1
smithcnn	1
mike	1
aware	1
httptco5vsqltfmwk#uniteblue	1
thibk	1
#oranet	1
raised	1
arizona	1
denominator	1
schoolgeorgia	1
#breakingpolice	1
measure	1
odds	1
babble	1
suck	1
assad	1
#911callfromschool	1
#autofollowback	1
#womanoftheyear	1
brb	1
#caribbean	1
cheek	1
graffiti	1
#thebomb	1
#openfollow	1
#gunstupid	1
@clarehkimmrs	1
elected	1
msnbcmsnbc	1
agreed	1
harder	1
perps	1
robbin	1
prayr	1
coloradoionno	1
#anthonyjimene24	1
iq	1
gs	1
firefighters	1
gah	1
#gunmanatschool	1
attack	1
school#oreg	1
#peoplewhoinspireme	1
pres	1
walb	1
troub	1
pkg	1
camden	1
animalistic	1
#glaad	1
sunday	1
shootinghttptcoraatnyxygd	1
breathing	1
rape	1
clinic	1
allowed	1
oakland	1
@crehnke	1
columbiahttptco9ybja3l	1
southwest	1
releasing	1
#kindness	1
#inners	1
#held	1
gaschoolshooter	1
today@ap	1
jelanis	1
kudos	1
cont	1
pt	1
sheesh	1
yep	1
10news	1
excited	1
vessel	1
#dynamictunez	1
#ganews	1
#mental	1
anothing	1
immense	1
#perfectlylegal	1
sydney	1
creativity	1
positivity	1
wut	1
hou	1
#everydayheroes	1
shaken	1
httptcou8ll06lw4r	1
kidding	1
#davenport	1
#compassionisntnews	1
leading	1
#antionettetuffs	1
selection	1
#herodramatic	1
assaultstyle	1
#newsus	1
intervened	1
avertd	1
mustlisten	1
ammuniti	1
#chrislane	1
himhttptcouyuj18nc47	1
sarahnet	1
#lmswageer	1
individuals	1
ugliness	1
#psychiatric	1
fuckin	1
um	1
@antoinettetuff	1
#fml	1
calum	1
shootouthttptco8ggl1eyn9u	1
#ferguson	1
teams	1
excellent	1
prior	1
15	1
ac360he	1
35	1
hightest	1
awesomegreat	1
audie	1
cucumber	1
ways	1
throw	1
ak4	1
speech	1
#didn	1
cares	1
#socialist	1
decatu	1
#womenrock	1
quelled	1
english	1
#diimeloco	1
#hometownhero	1
#staffer	1
#humanitarian	1
phillyco	1
#keep	1
sandyhook	1
#murica	1
elemen	1
911colorado	1
lifted	1
signal	1
lobby	1
822	1
africanamerican	1
realize	1
akins	1
#strong	1
heraldshock	1
prices	1
#mgwv	1
103	1
awayhttptcoqg72zsjfo9	1
lunatic	1
sentencd	1
breed	1
#truth	1
custodythat	1
#stopnra	1
#makegunsillegal	1
1160	1
own	1
holiday	1
bobbsey	1
grenade	1
atlan	1
viol	1
chronic	1
analyses	1
acknowledged	1
foot	1
conquered	1
older	1
stormlisten	1
itamphs	1
#everything	1
continues	1
lockdowns	1
eyes	1
searching	1
#floriduh	1
saddened	1
proportion	1
ahs	1
chuck	1
#choose	1
dylann	1
halts	1
shame	1
shootingjason	1
tiroteo	1
#pnyr	1
actors	1
pension	1
coincidence	1
locos	1
slinging	1
marches	1
#bryanstarz	1
#lovemanito	1
0635pm	1
@bicontributors	1
launfortunately	1
#whymygeneration	1
tuffhttptcovcwhs5xltl	1
podcasts	1
strengthens	1
truely	1
lowe	1
#victim	1
amazes	1
#prhvideos	1
impress	1
aim	1
heroines	1
5th	1
killedzero	1
#americanidol	1
shirts	1
embarrassed	1
societys	1
metal	1
voters	1
levels	1
official	1
#oklaed	1
younge	1
kim	1
remembering	1
rep	1
unacceptable	1
sciences	1
small	1
cookiegt	1
nervousness	1
odonnell	1
#motivation	1
trained	1
depressingly	1
thechancescameracrews	1
phrase	1
taliban	1
china	1
crunchers	1
charlesactivist	1
httptcoo6qpdddszf	1
bodily	1
impeachment	1
#godblessantoinette	1
green	1
denial	1
#wartimes	1
sobre	1
santa	1
preaching	1
resurgence	1
accomplishment	1
mw3	1
referenced	1
pointi	1
#jlabnews	1
uyoure	1
httptco1rludkc7vb	1
#peace	1
falseflag	1
wneil	1
starte	1
invite	1
omfg	1
wgun	1
brilliance	1
weap	1
valley	1
843	1
tred	1
appropriate	1
middletown	1
theaterd	1
levelheaded	1
newsgeorg	1
nieces	1
#enoughisenough	1
vehemently	1
disasternew	1
suggests	1
#nervous	1
535	1
#emory	1
jeeezus	1
#fail	1
foreal	1
genius	1
fools	1
pleaded	1
windows	1
#salute	1
nut	1
movies	1
charts	1
loaded	1
detalies	1
ar15	1
#realamericanheroine	1
outhttptcouolsk4lfoj	1
releasedcheers	1
#greatjob	1
creating	1
gpb	1
deserving	1
0bama	1
timesunion	1
@nbcnewstearsms	1
camera	1
@yungwifebeater	1
gunshots	1
confirmed	1
portrait	1
hypocrite	1
#follow4follow	1
h72	1
developing	1
gunner	1
mortal	1
copinvolved	1
firstborn	1
#gunskillpeople	1
nicoleewayne	1
outsmarting	1
#headline	1
heartthe	1
nonfatal	1
@chrissyteigen	1
#impactamerica	1
videoclip	1
reunitethe	1
wedn261	1
surprised	1
semiautomatic	1
wprior	1
#followfriday	1
administrator	1
#antoniettetuff	1
wselfinflicted	1
#badass	1
escolar	1
terribly	1
peopel	1
glory	1
#viral	1
certified	1
#googlealec	1
#nightline	1
forum	1
orders	1
foster	1
ellifritz	1
reunitehttptcopmoewtogdw	1
maaaan	1
steal	1
eighteen	1
happen#antoinettetuff	1
#tooattached	1
edge	1
john	1
handedly	1
culturevalue	1
giver	1
@therealist4eva	1
murphy	1
photography	1
#endnra	1
youhttptcoqbc2k94cqd	1
#corebelief	1
beasley	1
digging	1
educational	1
shootinghttptconvvq1eoxqahttptco9quryzo2ub	1
#standardexaminer	1
georgialarson	1
illinois	1
#hoax	1
gunfi	1
niagara	1
grief	1
forget	1
weekhttptco465hynwqm0	1
prayerfully	1
traced	1
885	1
luck	1
smi	1
incase	1
perfect	1
reute	1
spreading	1
kvue	1
#americanheroine	1
mira	1
bro	1
herodramatic	1
damned	1
mas	1
minnesotas	1
ne	1
demeanor	1
catch	1
#realhero	1
ha	1
#suspects	1
desensitized	1
#nomorenames	1
prosecuting	1
rapids	1
87	1
fellow	1
#lookatgod	1
anotinette	1
millions	1
httptcojdhnuevynv	1
streetz	1
featuring	1
#fantasy	1
#enough	1
hmmm	1
acquaintancesmh	1
poynter	1
reco	1
backpacks	1
charlottesville	1
also	1
@jonellemercedes	1
coop	1
ground	1
touch	1
81	1
wing	1
nrapolice	1
snow	1
adam	1
mandatory	1
message	1
#decaturga	1
httptcokfzffoyybx#gunfail	1
#wis10	1
author	1
where@huffingtonpost	1
drugstore	1
knotts	1
feb	1
wisconsin	1
greg	1
7yo	1
720	1
gtgtgt	1
#humanityisgood	1
happenedhttptco	1
uhhh	1
#bubblews	1
esta	1
democracy	1
advances	1
shootinghttptco0cpfpllcuq	1
mentioned	1
httptcoy50boaldf1	1
smiley	1
#nowaynra1	1
ought	1
agosto	1
doh	1
recall	1
pe	1
strive	1
oneinjured	1
heroantoinette	1
develop	1
#douglasvillegeor	1
teenaged	1
repair	1
jeanne	1
nearschoolshooting	1
yougeorgia	1
view	1
ready	1
nobody	1
#down	1
displayed	1
inichool	1
wife	1
@politicalticker	1
medical	1
#auspol	1
082313	1
miller	1
recycled	1
#sikwidityo	1
cros	1
kstu	1
handing	1
middleclass	1
#ak	1
#edgarrobles	1
38	1
#ithankgodfor	1
ny	1
explainunlike	1
citizens	1
inj	1
wapo	1
commies	1
sensible	1
#wway	1
others	1
nothing	1
focused	1
adversity	1
#anotherprouddayforthenra	1
godly	1
result	1
#career	1
exact	1
#smh	1
yards	1
#newsfor	1
georgiahttptcoviogqjyc25	1
engaged	1
thugs	1
truthers	1
#standyourground	1
deafening	1
americas	1
#andersoncooper	1
govern	1
feelings	1
lunatics	1
techniques	1
industrialized	1
httptcoh72elhsm9vms	1
obam	1
given	1
site	1
jericka	1
propagandists	1
natl	1
shootinghtt	1
#999thebeat	1
#nauseated	1
@usatodayand	1
httptcomr2ksvro4k	1
#trueheroine	1
#latestnews	1
@thelastword	1
#schoolgunman	1
prayergeorgia	1
timeline	1
herohttptcoyb2wvzycrsthis	1
cowardly	1
awwww	1
bonus	1
#breitbartnews	1
thedecatur	1
lowkey	1
jeered	1
moron	1
darn	1
@washtimes	1
assualt	1
youwe	1
#danieltnad	1
scuola	1
corps	1
@lawrence	1
cos	1
postin	1
#lozteletobiiz	1
gossip	1
#law	1
#topics	1
womangt	1
reach	1
shofar	1
#sanfrancisco	1
planning	1
toddlers	1
#9ja	1
yearsand	1
ome	1
dot	1
almostshooting	1
surrenders	1
#americancourage	1
agencies	1
louisiana	1
@juddlegum	1
ct	1
ama	1
cheap	1
teary	1
commend	1
#instagood	1
approve	1
obamas	1
oks	1
spartanburg	1
#negrito	1
racism	1
chicks	1
#liveoncnn	1
op	1
spewing	1
impressionable	1
airtime	1
texarkana	1
#nail	1
httptcoqolvw8wsc3honestly	1
anytime	1
1059am	1
apparentlyhttptcovgbfadf9yi	1
naija	1
#amazeballs	1
enttv	1
shooterhttptcoqpzb1xoqsj	1
feminist	1
#money	1
wanna	1
alternet	1
@silverstar22b	1
#stonerdawg	1
trap	1
gunrelated	1
cada	1
warns	1
basement	1
storm	1
anythi	1
deatails	1
tuffthank	1
militants	1
matter	1
#nras	1
capassion	1
#antoinettetuffshe	1
httptcoqcaksntzinused	1
don	1
@ac360	1
embraced	1
911call	1
31st	1
questions	1
strikes	1
genuine	1
bit	1
involve	1
ranked	1
prev	1
reminding	1
west	1
@trapjesus	1
georgiaat	1
collegemen	1
speakin	1
connections	1
cp	1
wow@breakingnews	1
allow	1
applause	1
10h	1
msu	1
fro	1
brighter	1
brand	1
#beckel	1
#sociology	1
@heritage	1
slaughter	1
cheating	1
goin	1
insiders	1
personally	1
#baby	1
#vulnerability	1
oth	1
tw	1
@lorenraye	1
httptcozydlnq572w	1
whew	1
poss	1
httptcohpoe6l6pr3	1
permit	1
relevant	1
elect	1
whoooo	1
beecomes	1
@hollywxia	1
stoped	1
courseaccused	1
childs	1
737am	1
#maui	1
surprisingly	1
edward	1
#schoolstaffrocks	1
chrislane	1
representation	1
beach	1
exist	1
features	1
glee	1
crash	1
#georgiagunman	1
exploration	1
commu	1
brightening	1
tweet@pro2adads	1
cases	1
barricaded	1
shine	1
counselors	1
@cbsatl	1
hip	1
allquote	1
#honeymoon	1
photographed	1
westover	1
anyone911	1
deathsday	1
outrage	1
videoaudio	1
fran	1
@n8thesk8	1
@michaelskolnikmeet	1
#irfnews	1
#getinspired	1
danger	1
honest	1
enters	1
stl	1
contributor	1
#preppertalk	1
exercising	1
sympathy	1
adhd	1
ceo	1
ladyhttptcofx9g0gzftb	1
carefully	1
thk	1
thumbs	1
firearms	1
#walmart	1
na	1
magistrate	1
sistahs	1
burnt	1
davis	1
listshared	1
expect	1
cider	1
hollywoodlife	1
mstuff	1
61554	1
cite	1
drained	1
sf	1
preschool	1
conversaion	1
cour	1
ahahah	1
amp#039terroristic	1
awesomenesscnn	1
shoothttptcoqhyofw9uuw	1
consider	1
blueprint	1
lawrence	1
patriotic	1
#hate	1
growing	1
#horror	1
online	1
guant	1
lo	1
#illness	1
holding	1
#jctc105	1
#feelgoodfriday	1
#tpp	1
@thebaxterbean	1
buzz	1
430	1
captures	1
every	1
pakistan	1
reflect	1
fluids	1
#iamalexofficial	1
location	1
seattlearea	1
actually	1
#amazeing	1
large	1
shooting1999	1
braves	1
republican	1
qrazy	1
youn	1
httptcorwkdywoyt7	1
#romodel	1
stupidest	1
apologizes	1
eyed	1
#iowa	1
#instantfollow	1
thankyou	1
dangergrace	1
2carry	1
wrenching	1
httptcowvhs18vskh	1
outreach	1
reaches	1
here911	1
ampldquo@newsgenius	1
warnings	1
evidence	1
#whatablessing	1
#ocupythenra	1
cow	1
reassuring	1
tuft	1
antoniette	1
gotten	1
duh	1
@abcworldnews	1
huffpost	1
httptcorti8upe1uw#truehero	1
ofammo	1
chanted	1
allright	1
prayhttptcoaerm2dn3kshttptcoypufd2ro5ehttptcocwi1ho9dvv	1
#carnegiehero	1
curve	1
elementry	1
georgiai	1
@femphil	1
acts	1
hahahahahahaha	1
horrendous	1
constantly	1
#courts	1
aged	1
fears	1
#shootings	1
#heroic	1
skill	1
size	1
syracuse	1
filmed	1
necessary	1
cl	1
#stop	1
hardened	1
examples	1
#herewegoagain	1
teaches	1
estan	1
news4	1
demanding	1
detectors	1
gunsammo	1
antichoice	1
majority	1
wth	1
ex	1
#kslam	1
labeled	1
mccainampgraham	1
@ryotnews	1
nonshooter	1
good#a	1
fedora	1
sai	1
4yearolds	1
effective	1
hallmon	1
apreciat	1
#beautifulperson	1
controlgeorgia	1
goat	1
broken	1
lovedput	1
#powerful	1
#brother	1
possibly	1
shouldv	1
horrifying	1
shooteri	1
gtthis	1
17year	1
sht	1
camp	1
grove	1
scoring	1
de	1
votes	1
videopraise	1
conservative	1
characterization	1
extremely	1
cause	1
improv	1
gallant	1
#reallifehero	1
#america	1
rundown	1
#oregon	1
shootingthis	1
#health	1
custodyhttptcogdpuvtitnk	1
scorso	1
27	1
shootinghttptcobrzdvm6s7s	1
managemanipulate	1
darien	1
#vegas	1
#edgemag	1
tristan	1
hohum	1
preparation	1
cmon	1
offline	1
ni	1
obvious	1
quiz	1
srsly	1
modern	1
#goodnews	1
season	1
#congress	1
shootinghttptcojin7gtwadk	1
related	1
goodness@ap	1
#prepper	1
polic	1
#gunsensehttptcozz3ku6uzr6	1
sucks	1
gtgtgtgtgtgtgt	1
powerfully	1
voice9	1
repulsive	1
comes	1
pleads	1
passes	1
page	1
#going	1
dying	1
faithful	1
@iamkidpresident	1
smmfh	1
avoiding	1
astonishing	1
didntmainly	1
overwhelming	1
#gunculture	1
cheesehead	1
walter	1
changes	1
amo	1
#initial15	1
wikipedia	1
godher	1
heels	1
pbo	1
register	1
arrestd	1
wis	1
#armeducatorswithlove	1
#columbus	1
chiarini	1
shootinghttptcog8qygncgjt	1
joye	1
ltgtwoooow	1
@germainenglish	1
upsetting	1
protectors	1
required	1
sentiment	1
ammunitionwhat	1
techclemson	1
production	1
legislation	1
#mekkaparish	1
tol	1
#lovethiswomen	1
2put	1
#nowisthetime	1
heaven	1
practice	1
az	1
fewer	1
victimwhos	1
#christianinaction	1
sava	1
#jobeveryday	1
#charlestonshooting	1
tweeting	1
#dead	1
georgiamp4	1
sslikeremove	1
usually	1
holistic	1
theyre	1
forgiving	1
halfdozen	1
operation	1
wmy	1
shootout	1
imminent	1
ask	1
@yahoonews	1
stay	1
#christlives	1
#richpf	1
#msharrland	1
dials	1
alright	1
nevada	1
wea	1
ithttptcoawdicchypkhttptcorjv4ezeke1	1
rickey	1
similar	1
murica	1
woc	1
pavlich	1
centennial	1
crimes	1
itll	1
hometown	1
#squad	1
presidents	1
recoverbut	1
#get1dtoclaire	1
whatta	1
#newsforguys	1
testimonyantoinette	1
1020	1
suffering	1
epoch	1
countryway	1
product	1
legit	1
successfully	1
@davidgregory	1
impervious	1
#foxnews	1
climate	1
forgot	1
#teacher	1
minneapolis	1
alec	1
pacific	1
#tdp	1
#atlshooting	1
taught	1
association	1
yougod	1
immune	1
once	1
#painecollege	1
#legalizeweed	1
#schoolsafety	1
#connection	1
situations	1
chic	1
#narrative	1
himhttptcoeep3sdm69i	1
#gcisdvalor	1
@chicagotribune	1
gtgtgtgtall	1
nyheter	1
#empathyamp	1
soldat	1
#peacefully	1
receptionist	1
connected	1
facescharges	1
morality	1
tamper	1
bushs	1
#dailypostal	1
@ericwolfson	1
giggle	1
#blessed	1
schoolampstreetwe	1
shootinghttptcouhr0nbcgbc	1
coleens	1
soldiers	1
alive	1
humor	1
ranger	1
georgiahttptcolw1o3g88vp	1
any1other	1
mightier	1
members	1
jan	1
comic	1
mainstream	1
imo	1
ho	1
#followtrick	1
baseb	1
huge	1
mam	1
#americanhero	1
support	1
389f07	1
#goodwomanwithoutagun	1
averts	1
lose	1
ltimg	1
highly	1
menboys	1
immeasurable	1
herself	1
#atheist	1
#1u	1
#googlealerts	1
possession#protect2a	1
platform	1
group	1
partners	1
cared	1
2014	1
cease	1
reunitehttptco3ivyysta8w	1
carter	1
surrendr	1
#2nd	1
skip	1
zones	1
logical	1
shootinghttptco8tlecybqgs	1
que	1
vez	1
#think	1
poachers	1
#worldnews911	1
702	1
babycenter	1
hop	1
#brunsco	1
#crickets	1
institutionalize	1
storywhy	1
via@sharethis	1
shootingshe	1
#hotreadsnow	1
#weneedtodosomething	1
overcoming	1
these	1
1154	1
educ	1
herosaved	1
thetool	1
championship	1
stars	1
librarians	1
@cp24	1
#twitternewschat	1
belt	1
#psychologicalstrength	1
#international	1
po	1
fascinating	1
talkin	1
ti	1
super	1
httptco184bpssgvkgeorgia	1
bed	1
ah	1
grandparents	1
bastard	1
sons	1
supermarket	1
#peacegeorgia	1
decaturs	1
suspectamp#039s	1
actress	1
contabile	1
#lasvegas	1
ur	1
schoolsapproaching	1
thurston	1
christina	1
#wearenewtown	1
dagar	1
#readingnow	1
#waynelapierre	1
schoolthe	1
unarm	1
frosty	1
justice	1
ordered	1
#sahelnews	1
punishment	1
yay	1
sitter	1
er	1
joke	1
dispise	1
mali	1
#oyevictor	1
trying	1
ledger	1
#celebrssfeeds	1
#marysville	1
thinkprogress	1
touches	1
lifesaver	1
#waronguns	1
elephant	1
#np	1
hugs	1
demonstration	1
unreal	1
cover	1
woo	1
gunless	1
scalp	1
cost	1
obtain	1
dependency	1
rules	1
ammunit	1
himhttptco9v6ccoey1f	1
dumbass	1
gringos	1
doubtless	1
httptco8uegyjpfou@anitac16	1
extraordinarily	1
accidentally	1
#tuu	1
crockett	1
httptcocsbvezbmdqhero	1
escaped	1
woah	1
#business	1
nincompoops	1
829	1
parable	1
insanity	1
larson	1
#rightmind	1
internat	1
abcnews	1
thisgtaccused	1
distribute	1
known	1
grants	1
canadian	1
#grateful	1
mfv	1
described	1
jobgod	1
himhttptcoqp9ce4ceid	1
#now	1
easley	1
afelo	1
alabama	1
thenapbs	1
georgiahttpstcoto0f2s8sjm	1
agnst	1
#jobsila	1
themed	1
hears	1
negative	1
#waytogo	1
shootinghttp	1
#makeadifference	1
sensitivity	1
egypt	1
li	1
#paedobritain	1
gomom	1
grown	1
shootinghttptcoqbhh6rrlmb	1
handgun	1
absurd	1
secured	1
unlikely	1
sexy	1
#info	1
gunnies	1
#tech	1
pastor	1
sydscott	1
#diet	1
perp	1
maryville	1
httptcoitdmabcafkantionette	1
deeply	1
@taylorzackowski	1
minimal	1
boynton	1
preceding	1
hand	1
#ignored	1
shown	1
#gratitudemt	1
hjlten	1
buildings	1
#tr	1
gary	1
psych	1
touted	1
#fullmetalhero	1
ghost	1
#yourstory	1
silent	1
healthcnn	1
#antoninettetuff	1
attn	1
schoolhttptcoxjkln0uxoh	1
#food	1
athlete	1
michelle	1
squirrel	1
historia	1
shootinghttptcosdrkjl8fag	1
revelation	1
#heart	1
nah	1
#cpcueropornoqrafico	1
yikes	1
sam	1
residents	1
sends	1
ltgt	1
q	1
#shooter	1
#hithotus	1
erupted	1
atschool	1
collected	1
anywhere	1
placegeorgia	1
#hln	1
topic	1
popp	1
theater	1
#coleg	1
#caring	1
#syria	1
#portland	1
#l	1
living	1
ebola11httptco1lpt619vpe	1
#sad	1
cantor	1
jfc	1
felons	1
2768392	1
tesla	1
celebrity	1
#bravo	1
#kabari	1
bball	1
compared	1
shortly	1
#puzzled#bill	1
hapeega	1
sks	1
celebr	1
must	1
direction	1
publishes	1
kingdom	1
belief	1
nights	1
lt3d	1
excuse	1
particular	1
dick	1
armstrong	1
rowdy	1
#dailynews	1
#reddit	1
gt@cmusician	1
staffrs	1
releasedhttptcoan2wrnaagrhttptcoidbwiyv1a1	1
nationally	1
themauinewshi	1
nails	1
ears	1
#hltvorg	1
amm	1
blgr	1
eventful	1
#ashley	1
schooled	1
put	1
gtgtgtgtgt	1
wks	1
apparent	1
#michaelhill	1
gawker	1
wowschool	1
ammunitionabc	1
bookshe	1
progress	1
custody1542	1
laughing	1
medicatedforprofit	1
#jobs	1
finest	1
recognizing	1
putting	1
politicizing	1
appear	1
surre	1
drives	1
httptcoelxix5mejgpaine	1
intvuhttptco0nqwoop3zb	1
pick	1
httptcolkrgvfpzh9	1
#letkidsknowtheymattereverday	1
texting	1
7	1
shootingherothis	1
roofs	1
todaysnewsvideos	1
duplicate	1
120	1
httptcozptnnyh1w2nazi	1
@piersmorgan	1
#weight	1
pta	1
sea	1
lnc	1
spokesman	1
#usgunlobby	1
alittle	1
anothe	1
sarah	1
expanded	1
outraged	1
rochesterdrew	1
jitsu	1
guests	1
conspiracy	1
statement	1
memory	1
vincennes	1
#antoinettetough	1
dedicated	1
schizophrenic	1
jackson	1
744	1
expired	1
penn	1
always	1
shootinghttptcobozavrgptm	1
#whyyyyyyyyyyy	1
angry	1
filmmakers	1
earthquake	1
chuckle	1
tha	1
